{
    "metrics": {
        "http_req_connecting": {
            "p(95)": 0,
            "avg": 0.002225836886510026,
            "min": 0,
            "med": 0,
            "max": 2.381,
            "p(90)": 0
        },
        "checks": {
            "passes": 110210,
            "fails": 0,
            "value": 1
        },
        "http_req_blocked": {
            "avg": 0.006309824911547393,
            "min": 0,
            "med": 0.003,
            "max": 2.522,
            "p(90)": 0.005,
            "p(95)": 0.006
        },
        "data_received": {
            "count": 33865276,
            "rate": 250207.51391163495
        },
        "http_req_receiving": {
            "avg": 0.17075712600925227,
            "min": 0.006,
            "med": 0.167,
            "max": 10.736,
            "p(90)": 0.277,
            "p(95)": 0.318
        },
        "http_req_failed": {
            "passes": 0,
            "fails": 55115,
            "thresholds": {
                "rate<0.01": false
            },
            "value": 0
        },
        "http_req_waiting": {
            "p(90)": 129.15959999999998,
            "p(95)": 137.1833,
            "avg": 77.67956055520332,
            "min": 9.3,
            "med": 75.507,
            "max": 437.082
        },
        "http_req_sending": {
            "max": 1.184,
            "p(90)": 0.018,
            "p(95)": 0.021,
            "avg": 0.012689685203662477,
            "min": 0.001,
            "med": 0.012
        },
        "http_req_tls_handshaking": {
            "max": 0,
            "p(90)": 0,
            "p(95)": 0,
            "avg": 0,
            "min": 0,
            "med": 0
        },
        "http_reqs": {
            "count": 55115,
            "rate": 407.20728598933493
        },
        "vus_max": {
            "max": 60,
            "value": 60,
            "min": 60
        },
        "iterations": {
            "count": 55105,
            "rate": 407.1334027840388
        },
        "http_req_duration{expected_response:true}": {
            "p(90)": 129.3406,
            "p(95)": 137.3911,
            "avg": 77.86300736641579,
            "min": 9.412,
            "med": 75.686,
            "max": 437.155
        },
        "data_sent": {
            "count": 23925027,
            "rate": 176765.76815552136
        },
        "vus": {
            "value": 2,
            "min": 0,
            "max": 59
        },
        "iteration_duration": {
            "max": 437.2345,
            "p(90)": 129.4792246,
            "p(95)": 137.5435006,
            "avg": 78.01550098060079,
            "min": 9.489709,
            "med": 75.833042
        },
        "http_req_duration": {
            "avg": 77.86300736641579,
            "min": 9.412,
            "med": 75.686,
            "max": 437.155,
            "p(90)": 129.3406,
            "p(95)": 137.3911,
            "thresholds": {
                "p(95)<1500": false
            }
        }
    },
    "setup_data": {
        "accessTokens": [
            "eyJhbGciOiJIUzUxMiJ9.eyJzdWIiOiJteXBhZ2UtYmVuY2htYXJrLXVzZXIxQHRlc3QuY29tIiwicm9sZSI6IlJPTEVfVVNFUiIsImp0aSI6ImE0MzEzMTQyLWFkOGEtNDdmOC04MDQ2LTI3YmE5OTg2OGJhOSIsImlhdCI6MTc3Njg1MzI3NCwiZXhwIjoxNzc2OTM5Njc0fQ.aqtVSUS9OaTemwNGioKV_tbg4Jv_LY_TQKhQOtBDWLaM2_WeCsy9gLDf-qUlG8ScBmGYQBavofR2EzFrw7rm-w",
            "eyJhbGciOiJIUzUxMiJ9.eyJzdWIiOiJteXBhZ2UtYmVuY2htYXJrLXVzZXIyQHRlc3QuY29tIiwicm9sZSI6IlJPTEVfVVNFUiIsImp0aSI6IjI0Yjk2ODQ3LWQ4MWUtNDg2Zi1hOGEwLTNjYTZkYjA5ZjI5MyIsImlhdCI6MTc3Njg1MzI3NCwiZXhwIjoxNzc2OTM5Njc0fQ.J3YfsgCBMtRrIrr61ZEDJ9bSjJlbEe49Ble2E6DW3LO0cFt-tT6ysEjAvZpGcqIhrxGlNNnlYjwQoi8rr_u-og",
            "eyJhbGciOiJIUzUxMiJ9.eyJzdWIiOiJteXBhZ2UtYmVuY2htYXJrLXVzZXIzQHRlc3QuY29tIiwicm9sZSI6IlJPTEVfVVNFUiIsImp0aSI6ImQ4YzU4NGVjLTQ3MTgtNGZhNy05NWY2LWI0ZGYxNTFjNjczYiIsImlhdCI6MTc3Njg1MzI3NCwiZXhwIjoxNzc2OTM5Njc0fQ.0UPYhNpZvhGYO8m5hIlYXPoc3T2sce7ojFdpipvb3E4kShET5VGSWozk88I5cnRLwEPfnaTe-Vmg_uK5_oMnxg",
            "eyJhbGciOiJIUzUxMiJ9.eyJzdWIiOiJteXBhZ2UtYmVuY2htYXJrLXVzZXI0QHRlc3QuY29tIiwicm9sZSI6IlJPTEVfVVNFUiIsImp0aSI6IjViOTEwZmMyLTQ4YTQtNDNkZi1iMzk2LTkzMTFlNGU0MDlkZiIsImlhdCI6MTc3Njg1MzI3NCwiZXhwIjoxNzc2OTM5Njc0fQ.maJVlQ3Kp5_830Xc6qjnrTZJkC8bObrEf8wjsH17NalxaMXnKJRvPiEiPVN4PuYo772SR4PZ_AkJ5wowuEM5rw",
            "eyJhbGciOiJIUzUxMiJ9.eyJzdWIiOiJteXBhZ2UtYmVuY2htYXJrLXVzZXI1QHRlc3QuY29tIiwicm9sZSI6IlJPTEVfVVNFUiIsImp0aSI6Ijc2ZTc3MDJkLWMyMWYtNDkwOC05NWE0LWQ1MzMyZDQzMzExYiIsImlhdCI6MTc3Njg1MzI3NCwiZXhwIjoxNzc2OTM5Njc0fQ.8m7LegPgo6kFZQPNe9fHY-8Ll4wnY9i-7xq26TW0luF2fZkRmDSWPWbNnflU6zJXnqvXvP-fwkbFcKH7X7PaXg",
            "eyJhbGciOiJIUzUxMiJ9.eyJzdWIiOiJteXBhZ2UtYmVuY2htYXJrLXVzZXI2QHRlc3QuY29tIiwicm9sZSI6IlJPTEVfVVNFUiIsImp0aSI6IjRkY2VhOWEwLTNjODUtNGEwYi1hOWE5LTQ3ODQ5YmQ1YWFmMCIsImlhdCI6MTc3Njg1MzI3NCwiZXhwIjoxNzc2OTM5Njc0fQ.AYpH2xsZQQhodiAMz6V9VraOqyiafNv5kUfRVBoh6VZH_gN2WFfUlyOGG8mkdO7NC2WS7laGtnGNw-1TCa3HFQ",
            "eyJhbGciOiJIUzUxMiJ9.eyJzdWIiOiJteXBhZ2UtYmVuY2htYXJrLXVzZXI3QHRlc3QuY29tIiwicm9sZSI6IlJPTEVfVVNFUiIsImp0aSI6ImZlZWUyMGVkLWMzM2EtNDU3YS1hMzcwLWUxZDU0OTllYTAyZSIsImlhdCI6MTc3Njg1MzI3NCwiZXhwIjoxNzc2OTM5Njc0fQ.DZ_nKZuAo3NFdkr7nNqQ8EfV1eG008tSvfUSuoPElVp776rzHGmyeW3O8KKfuDktSj3RGEVN5bn_DDGc1kkYww",
            "eyJhbGciOiJIUzUxMiJ9.eyJzdWIiOiJteXBhZ2UtYmVuY2htYXJrLXVzZXI4QHRlc3QuY29tIiwicm9sZSI6IlJPTEVfVVNFUiIsImp0aSI6IjNjMDM3MTExLThiZGUtNDY3Zi04YjkwLTZkMGRlZWZlYjAzNCIsImlhdCI6MTc3Njg1MzI3NCwiZXhwIjoxNzc2OTM5Njc0fQ.SbLyKaJdYoDKCU7z3xa3zsiT53wIzHhsFQwPB2WMlzJ-vtizkCbYgLivLa1MO0HaLWlo2isVuF_hm9B9rb9HGw",
            "eyJhbGciOiJIUzUxMiJ9.eyJzdWIiOiJteXBhZ2UtYmVuY2htYXJrLXVzZXI5QHRlc3QuY29tIiwicm9sZSI6IlJPTEVfVVNFUiIsImp0aSI6IjQyM2NjOTQyLTAwZjItNGJhNC05NzhhLTM1MWNjZWY3OGZjNiIsImlhdCI6MTc3Njg1MzI3NCwiZXhwIjoxNzc2OTM5Njc0fQ.igNMZSeCPEWabx4bMd3YhOHYfb8tp9K32q5R3jiHwipocscBoZ2PYTK2L7xJJ7uumMCCY2O5rN5eYn-xLiG7iA",
            "eyJhbGciOiJIUzUxMiJ9.eyJzdWIiOiJteXBhZ2UtYmVuY2htYXJrLXVzZXIxMEB0ZXN0LmNvbSIsInJvbGUiOiJST0xFX1VTRVIiLCJqdGkiOiJlMGVhNTBlNS0yOTk2LTRmY2ItYTU5YS0xZmE5NjMyYzgxYWQiLCJpYXQiOjE3NzY4NTMyNzQsImV4cCI6MTc3NjkzOTY3NH0.NDPvh2zXtYuFhOCvk2CL0x3zIdQ6lQs6fItKEVIwVRVswPdITD16AOipHOM0Z0s6vCIHDqkjWdPPRZ5Qa88qzw"
        ]
    },
    "root_group": {
        "id": "d41d8cd98f00b204e9800998ecf8427e",
        "groups": {},
        "checks": {
                "mypage profile status is 200": {
                    "passes": 55105,
                    "fails": 0,
                    "name": "mypage profile status is 200",
                    "path": "::mypage profile status is 200",
                    "id": "4c182313d7c6a3a9ad81ba23619326ee"
                },
                "mypage profile payload has summary": {
                    "name": "mypage profile payload has summary",
                    "path": "::mypage profile payload has summary",
                    "id": "9c71c964e3f835d06a8222250ee08f8e",
                    "passes": 55105,
                    "fails": 0
                }
            },
        "name": "",
        "path": ""
    }
}