{
    "root_group": {
        "name": "",
        "path": "",
        "id": "d41d8cd98f00b204e9800998ecf8427e",
        "groups": {},
        "checks": {
                "rankings status is 200": {
                    "fails": 0,
                    "name": "rankings status is 200",
                    "path": "::rankings status is 200",
                    "id": "452a69f2af9881f64ed049fa660bdd15",
                    "passes": 202875
                },
                "rankings payload has items": {
                    "passes": 202875,
                    "fails": 0,
                    "name": "rankings payload has items",
                    "path": "::rankings payload has items",
                    "id": "69a0c1c2d12ca6bd44fcd2b54a97957b"
                }
            }
    },
    "metrics": {
        "data_received": {
            "count": 474156837,
            "rate": 3512247.370352423
        },
        "iteration_duration": {
            "min": 2.17175,
            "med": 21.037417,
            "max": 94.72575,
            "p(90)": 34.4526666,
            "p(95)": 37.0304917,
            "avg": 21.180779609429425
        },
        "http_req_duration{expected_response:true}": {
            "p(90)": 34.366,
            "p(95)": 36.94029999999999,
            "avg": 21.096022516327793,
            "min": 2.098,
            "med": 20.951,
            "max": 94.534
        },
        "http_req_receiving": {
            "min": 0.006,
            "med": 0.061,
            "max": 5.514,
            "p(90)": 0.124,
            "p(95)": 0.166,
            "avg": 0.0737289168207077
        },
        "http_req_duration": {
            "avg": 21.096022516327793,
            "min": 2.098,
            "med": 20.951,
            "max": 94.534,
            "p(90)": 34.366,
            "p(95)": 36.94029999999999,
            "thresholds": {
                "p(95)<1500": false
            }
        },
        "http_reqs": {
            "count": 202875,
            "rate": 1502.766868803471
        },
        "http_req_connecting": {
            "p(95)": 0,
            "avg": 0.001615309919901414,
            "min": 0,
            "med": 0,
            "max": 0.676,
            "p(90)": 0
        },
        "checks": {
            "passes": 405750,
            "fails": 0,
            "value": 1
        },
        "vus": {
            "value": 1,
            "min": 0,
            "max": 59
        },
        "http_req_tls_handshaking": {
            "avg": 0,
            "min": 0,
            "med": 0,
            "max": 0,
            "p(90)": 0,
            "p(95)": 0
        },
        "http_req_failed": {
            "fails": 202875,
            "passes": 0,
            "thresholds": {
                "rate<0.01": false
            },
            "value": 0
        },
        "http_req_sending": {
            "avg": 0.00502612446087514,
            "min": 0.001,
            "med": 0.004,
            "max": 0.921,
            "p(90)": 0.009,
            "p(95)": 0.013
        },
        "vus_max": {
            "max": 60,
            "value": 60,
            "min": 60
        },
        "http_req_blocked": {
            "avg": 0.0033378681454010206,
            "min": 0,
            "med": 0.001,
            "max": 1.087,
            "p(90)": 0.003,
            "p(95)": 0.003
        },
        "http_req_waiting": {
            "p(95)": 36.857,
            "avg": 21.01726747504614,
            "min": 2.04,
            "med": 20.872,
            "max": 94.461,
            "p(90)": 34.281
        },
        "data_sent": {
            "count": 28605375,
            "rate": 211890.1285012894
        },
        "iterations": {
            "count": 202875,
            "rate": 1502.766868803471
        }
    }
}